timestamp,symbol,direction,module,rv,adx,adr_pct,hist,lgbm_signal,lgbm_conf,gpt_signal,gpt_conf,gpt_reasoning,agreement
2026-06-08T17:15:36.494863+00:00,AUDNZD,SELL,STD,-19.42,32.2,50.6,RED_LIGHT,SELL,96,SELL,68,"Histogram RED_LIGHT e Momentum negativo indicano pressione ribassista, RV negativo ma non estremo, ADX ~32 conferma una tendenza presente ma non molto forte, ADR al 50.6% lascia spazio al movimento; quindi SELL è coerente ma non estremamente robusto.",SAME
2026-06-08T20:00:35.680052+00:00,USDCAD,BUY,STD,6.31,21.7,61.8,GREEN_LIGHT,BUY,20,HOLD,48,"La tendenza non è robusta: RV 6.31 e ADX 21.7 indicano trend debole e potenziale range, nonostante momentum positivo e histogram verde; ADR% indica spazio residuo ma non una conferma di breakout.",DIFF
2026-06-08T20:45:21.935654+00:00,AUDNZD,SELL,STD,-16.29,18.7,50.6,RED_LIGHT,SELL,7,HOLD,0,The read operation timed out,DIFF
2026-06-08T21:00:39.751574+00:00,USDCAD,BUY,STD,6.74,18.1,1.8,GREEN_LIGHT,BUY,18,HOLD,46,"Momentum positivo e Histogram GREEN_LIGHT indicano impulso rialzista a breve termine, ma ADX 18.1 e RV 6.74 indicano mancanza di tendenza chiara; ADR% suggerisce spazio per muoversi, quindi la configurazione è ambigua.",DIFF
2026-06-08T21:00:49.253326+00:00,AUDUSD,SELL,STD,-9.21,22.4,0.0,RED_LIGHT,SELL,12,HOLD,45,"Bearish signals (RV negativo, Histogram RED_LIGHT, Momentum negativo) sono presenti ma ADX basso e ADR% 0 suggeriscono mancanza di tendenza/volatilità sufficiente per una conferma.",DIFF
2026-06-08T22:00:40.214790+00:00,CADCHF,BUY,STD,4.85,29.4,24.2,GREEN_DARK,BUY,20,HOLD,40,"Segnali contrastanti: Histogram GREEN_DARK indica potenziale rialzo, ma Normalized Momentum negativo e ADX<40 mostrano trend debole/incerto; RV modesto e ADR% non confermano una tendenza chiara, quindi HOLD.",DIFF
2026-06-08T22:00:50.081866+00:00,GBPCHF,BUY,STD,5.08,36.9,22.6,GREEN_DARK,BUY,20,HOLD,45,"RV modesto (5.08) non conferma una direzione forte, momentum normalizzato negativo (-0.2355) contrasta l'istogramma bullish e ADX moderato (~37) rendono l'entry ambigua; ADR% basso lascia spazio ma non garantisce breakout.",DIFF
2026-06-08T22:00:54.526702+00:00,CHFJPY,SELL,STD,-6.19,36.2,16.0,RED_DARK,SELL,17,SELL,62,"Vendita potenziale: momentum ribassista confermato da Histogram RED_DARK e Momentum -0.7596, ADX moderato, RV debole (-6.19) e ADR% basso che lascia spazio, quindi segnale SELL con affidabilità moderata.",SAME
2026-06-08T22:01:06.533738+00:00,USDCHF,BUY,STD,3.89,19.1,6.8,GREEN_DARK,BUY,18,HOLD,0,The read operation timed out,DIFF
2026-06-08T22:01:11.234124+00:00,GBPAUD,BUY,STD,12.85,30.0,25.0,GREEN_DARK,BUY,20,BUY,60,"Momentum positivo e histogram bullish indicano potenziale rialzista, ADR% a 25% lascia spazio per estensione, ma Radar Value modesto e ADX a 30 indicano forza di trend non elevata, quindi conferma moderata.",SAME
2026-06-08T22:01:22.539839+00:00,AUDCAD,SELL,STD,-12.61,50.2,25.9,RED_DARK,SELL,6,HOLD,0,The read operation timed out,DIFF
2026-06-08T22:01:26.665393+00:00,AUDUSD,SELL,STD,-11.66,27.3,7.5,RED_DARK,SELL,17,SELL,60,"Bearish momentum (-0.7521) e Histogram RED_DARK indicano pressione ribassista, RV negativo ma non estremo (-11.66) con ADX a 27.3 che segnala tendenza presente ma moderata; ADR% al 7.5% indica ampio spazio residuo per movimenti ribassisti.",SAME
2026-06-08T22:01:38.507622+00:00,AUDJPY,SELL,STD,-13.95,44.1,13.2,RED_DARK,SELL,17,HOLD,0,The read operation timed out,DIFF
2026-06-08T22:01:46.532158+00:00,EURAUD,BUY,STD,18.2,19.2,27.5,GREEN_DARK,BUY,18,HOLD,0,The read operation timed out,DIFF
2026-06-08T22:15:34.641752+00:00,CADJPY,SELL,STD,-3.33,30.9,18.2,RED_LIGHT,SELL,17,SELL,48,"Histogram RED_LIGHT e Momentum negativo indicano pressione ribassista, ma ADX moderato e RV non estremo indicano tendenza non forte mentre ADR% basso lascia spazio, quindi l'idea è leggermente ribassista ma ambigua.",SAME
2026-06-08T22:15:48.833926+00:00,GBPCHF,BUY,STD,7.09,39.6,26.4,GREEN_LIGHT,BUY,20,HOLD,42,"Segnali discordanti: Histogram è GREEN_LIGHT ma Normalized Momentum è negativa e l'ADX non è forte, con RV modesto e ADR ancora ampio, quindi la configurazione è ambigua.",DIFF
2026-06-08T22:15:57.600599+00:00,NZDCHF,BUY,STD,8.38,31.9,15.2,GREEN_LIGHT,BUY,20,HOLD,0,Expecting value: line 1 column 1 (char 0),DIFF
2026-06-08T22:16:01.446249+00:00,CHFJPY,SELL,STD,-7.36,33.5,17.6,RED_LIGHT,SELL,17,SELL,62,"La Histogram RED_LIGHT e Momentum negativo indicano pressione ribassista, ma ADX 33.5 e RV -7.36 mostrano un trend non molto forte e ADR% 17.6% lascia spazio di movimento, quindi SELL con confidenza moderata.",SAME
2026-06-08T22:16:10.628846+00:00,EURCAD,BUY,STD,8.28,27.8,32.8,GREEN_LIGHT,BUY,20,HOLD,42,"Segnale incongruente: l'istogramma è GREEN_LIGHT (rialzista) ma il Normalized Momentum è negativo, l'ADX è moderato e non forte, RV non è estremo e ADR% ha spazio; la tendenza su M15 non è chiara.",DIFF
2026-06-08T22:16:15.561130+00:00,NZDCAD,BUY,STD,4.35,32.3,16.0,GREEN_LIGHT,BUY,20,HOLD,45,"Segnale misto: Radar Value debole/moderato, ADX 32.3 non conferma una tendenza forte, Momentum negativo contrasta l'HISTOGRAM GREEN_LIGHT e ADR% basso non indica una spinta direzionale chiara.",DIFF
2026-06-08T22:16:22.815943+00:00,GBPCAD,BUY,STD,3.07,25.7,34.2,GREEN_LIGHT,BUY,20,HOLD,42,"Segnali contrastanti e mancanza di conferma di tendenza forte: RV positivo ma modesto, ADX basso, Momentum negativo e Histogram bullish indicano nessuna chiara direzione.",DIFF
2026-06-08T22:16:30.244280+00:00,EURCHF,BUY,STD,12.3,26.5,17.8,GREEN_LIGHT,BUY,20,BUY,65,"Momentum positivo e Histogram verde indicano impulso rialzista moderato; ADR% non esausto offre spazio per movimenti, ma RV non estremo e ADX moderato indicano una tendenza non molto forte, quindi BUY con confidenza moderata.",SAME
2026-06-08T22:16:42.352538+00:00,GBPAUD,BUY,STD,13.03,28.5,28.3,GREEN_LIGHT,BUY,20,BUY,65,"Momentum positivo (Normalized Momentum 0.3616) e Histogram GREEN_LIGHT indicano impulso rialzista, ADR% a 28.3% lascia spazio per ulteriori estensioni, ma RV modesto e ADX 28.5 indicano una tendenza non ancora robusta.",SAME
2026-06-08T22:16:50.039030+00:00,EURAUD,BUY,STD,18.24,19.5,27.5,GREEN_LIGHT,BUY,18,HOLD,42,"Il momentum è positivo e l'istogramma è verde, suggerendo potenziale rialzo, ma ADX <20 e RV modesto indicano una tendenza debole e potenziale range, quindi manteniamo HOLD.",DIFF
2026-06-08T22:16:58.244716+00:00,AUDNZD,SELL,STD,-14.31,26.3,21.8,RED_DARK,SELL,17,SELL,60,"La pressione ribassista è indicata da Histogram RED_DARK e Momentum negativo, ma RV non è estremo e l'ADX a 26,3 suggeriscono un trend non fortissimo, quindi conferma SELL con confidenza moderata.",SAME
2026-06-08T22:17:07.169507+00:00,AUDJPY,SELL,STD,-13.29,41.3,14.5,RED_DARK,SELL,17,SELL,82,"Conferma forte di tendenza ribassista: ADX 41.3, Momentum negativo (-0.9054), Histogram RED_DARK e RV negativo indicano pressione di vendita; ADR% basso (14.5%) offre spazio al ribasso senza contraddizioni.",SAME
2026-06-08T22:30:33.046638+00:00,CADJPY,SELL,STD,-4.96,29.8,18.2,RED_LIGHT,SELL,17,HOLD,45,"Histogram RED_LIGHT e momentum negativo suggeriscono ribasso, ma RV modesto e ADX 29.8 indicano mancanza di tendenza forte, quindi trade non chiaro e confidenza bassa.",DIFF
2026-06-08T22:30:36.998025+00:00,GBPCHF,BUY,STD,8.26,37.7,26.4,GREEN_LIGHT,BUY,20,HOLD,45,"Segnali contrastanti: Histogram GREEN_LIGHT (rialzista) ma Momentum normalizzato negativo e RV modesto, con ADX non forte; quindi non c'è conferma di una tendenza robusta.",DIFF
2026-06-08T22:30:43.013060+00:00,NZDCHF,BUY,STD,8.8,29.2,15.2,GREEN_LIGHT,BUY,20,HOLD,40,"ADX modesto e Radar debole indicano mancanza di impulso, il momentum è negativo mentre l’istogramma segnala rialzo e ADR è molto basso: mancano evidenze chiare di una svolta, quindi HOLD.",DIFF
2026-06-08T22:30:52.729252+00:00,CHFJPY,SELL,STD,-8.27,30.5,17.6,RED_LIGHT,SELL,17,SELL,70,"La combinazione di Radar Value negativo, Histogram RED_LIGHT e Momentum negativo indica pressione ribassista, l'ADX moderato (30.5) conferma una tendenza presente ma non estremamente forte, e l'ADR% al 17.6% lascia spazio al movimento, quindi SELL è giustificato con fiducia moderata.",SAME
2026-06-08T22:31:01.382932+00:00,NZDCAD,BUY,STD,5.49,29.5,16.0,GREEN_LIGHT,BUY,20,HOLD,45,"Segnali inconcludenti: RV modesto e ADX 29.5 indicano trend debole, Momentum negativo contrasta con Histogram verde e ADR al 16% offre spazio senza confermare direzione.",DIFF
2026-06-08T22:31:09.005957+00:00,EURCAD,BUY,STD,9.99,25.9,32.8,GREEN_LIGHT,BUY,20,HOLD,45,"Histogram GREEN_LIGHT e ADR% indicano spazio e potenziale impulso rialzista, ma Momentum negativo (-0.147), ADX moderato (25.9) e RV non estremo indicano incertezza.",DIFF
2026-06-08T22:31:18.947229+00:00,GBPCAD,BUY,STD,4.95,23.2,34.2,GREEN_LIGHT,BUY,20,HOLD,42,"L'istogramma è GREEN_LIGHT ma Momentum Normalized negativo, l'ADX è debole e il Radar non è in zona estrema, quindi la configurazione è ambigua e la conferma di BUY manca.",DIFF
2026-06-08T22:31:23.247438+00:00,EURCHF,BUY,STD,13.31,23.1,17.8,GREEN_LIGHT,BUY,20,BUY,55,"Momentum positivo (Histogram GREEN_LIGHT e Normalized Momentum +0.1401) supporta una mossa rialzista, ma ADX 23.1 e RV 13.31 indicano trend moderato e ADR% 17.8% limita i movimenti; segnale BUY di forza moderata.",SAME
2026-06-08T22:31:33.838681+00:00,AUDNZD,SELL,STD,-14.65,24.7,24.4,RED_LIGHT,SELL,17,SELL,45,"RV negativo ma non estremo (-14.65) e Histogram/Normalized Momentum indicano pressione ribassista a breve, ma ADX a 24.7 indica trend debole e ADR% non esausto, quindi configurazione moderatamente bearish e non estremamente chiara.",SAME
2026-06-08T22:31:40.961690+00:00,EURAUD,BUY,STD,18.78,21.4,30.0,GREEN_LIGHT,BUY,20,BUY,60,"Momentum positivo (Normalized Momentum 0.547) e Histogram GREEN_LIGHT con ADR al 30% indicano spazio per muoversi al rialzo, ma ADX debole e RV non estremo suggeriscono una conferma moderata.",SAME
2026-06-08T22:31:51.266184+00:00,GBPAUD,BUY,STD,13.73,24.9,29.3,GREEN_LIGHT,BUY,20,BUY,62,"Momentum positivo (Histogram GREEN_LIGHT e Normalized Momentum >0) in un contesto non di trend molto forte (RV 13.73, ADX 24.9) ma con ADR% a 29.3% che lascia spazio al movimento; quindi potenziale trade rialzista con conferma moderata.",SAME
2026-06-08T22:45:32.974519+00:00,CADJPY,SELL,STD,-5.0,28.9,18.2,RED_LIGHT,SELL,17,HOLD,45,"La pressione ribassista indicata da RED_LIGHT e Momentum negativo esiste, ma l'ADX non conferma una tendenza forte e il Radar Value è modesto (-5.0), mentre ADR% basso suggerisce spazio ma non una direzione consolidata.",DIFF
2026-06-08T22:45:39.030156+00:00,GBPCHF,BUY,STD,8.59,36.0,26.4,GREEN_LIGHT,BUY,20,BUY,70,"Momentum positivo (0.0459) e Histogram GREEN_LIGHT indicano pressioni rialziste; ADR% al 26.4% mostra spazio per muoversi, RV positivo e ADX(14)=36 indicano una tendenza in corso ma moderata; BUY con confidenza moderata.",SAME
2026-06-08T22:45:47.492021+00:00,NZDCHF,BUY,STD,7.93,26.9,15.2,GREEN_DARK,BUY,20,HOLD,46,"Segni contrastanti: RV leggermente rialzista e ADR% mostra spazio al movimento, ma Momentum normalizzato negativo e ADX modesto non danno conferma di una tendenza chiara.",DIFF
2026-06-08T22:45:54.826827+00:00,GBPCAD,BUY,STD,5.33,21.0,34.2,GREEN_LIGHT,BUY,18,HOLD,40,"Normalised Momentum = -0.1978 e ADX = 21 indicano assenza di conferma di trend rialzista, nonostante Histogram GREEN_LIGHT e ADR a 34.2%; RV modesto non supporta una decisione forte.",DIFF
2026-06-08T22:46:04.873687+00:00,CHFJPY,SELL,STD,-8.25,27.9,17.6,RED_DARK,SELL,17,SELL,58,"Histogram RED_DARK e momentum normalizzato negativo indicano pressione ribassista nel breve, ma ADX 27.9 non conferma una tendenza forte e RV modesto; ADR% basso lascia spazio al movimento, quindi conferma moderata.",SAME
2026-06-08T22:46:16.118724+00:00,GBPAUD,BUY,STD,14.21,22.8,29.3,GREEN_LIGHT,BUY,20,BUY,52,"Momentum positivo (Histogram GREEN_LIGHT e Normalized Momentum >0) e ADR% 29% indicano spazio per rialzo, ma ADX 22.8 e RV modesto suggeriscono un trend non forte e potenziale pullback, quindi ingresso BUY con confidenza moderata.",SAME
2026-06-08T22:46:18.422188+00:00,EURCHF,BUY,STD,13.4,20.2,17.8,GREEN_LIGHT,BUY,18,BUY,50,"ADX debole e RV non estremo indicano una tendenza non forte, ma Histogram GREEN_LIGHT e Momentum positivo indicano potenziale rialzista con spazio di movimento (ADR%<50%).",SAME
2026-06-08T22:46:30.639685+00:00,AUDJPY,SELL,STD,-13.88,34.9,14.5,RED_LIGHT,SELL,17,SELL,65,"RV negativo ma non estremo e ADX(14)=34.9 indicano trend moderato; Histogram RED_LIGHT e Normalized Momentum=-0.7553 confermano pressione ribassista, mentre ADR% 14.5% indica ampio spazio di movimento ribassista.",SAME
2026-06-08T22:46:33.325504+00:00,EURAUD,BUY,STD,19.02,24.5,30.0,GREEN_LIGHT,BUY,20,BUY,63,"Momentum positivo e Histogram GREEN_LIGHT indicano pressione rialzista, ma ADX 24.5 e RV 19.02 suggeriscono trend non forte; ADR% a 30% lascia spazio al movimento.",SAME
2026-06-08T22:46:42.577179+00:00,EURCAD,BUY,STD,10.14,24.3,32.8,GREEN_LIGHT,BUY,20,HOLD,45,"Segnali contrastanti: RV positivo/moderato e histogram verde indicano possibile rialzo, ma Momentum normalizzato negativo e ADX debole indicano debole o nessuna tendenza, quindi trade poco chiaro.",DIFF
2026-06-08T22:46:51.298572+00:00,AUDNZD,SELL,STD,-13.56,24.1,25.6,RED_DARK,SELL,17,HOLD,42,"Momentum negativo e histogram rosso indicano pressione ribassista, ma ADX modesto (~24) e RV non estremo suggeriscono mancanza di forza di trend, quindi non c'è conferma e conviene HOLD.",DIFF
2026-06-08T23:00:24.771615+00:00,GBPCHF,BUY,STD,8.14,34.8,26.4,GREEN_DARK,BUY,20,BUY,55,"Momentum positivo (Normalized Momentum 0.1039), Histogram GREEN_DARK e ADR al 26.4% non esausto indicano spazio per rialzi, RV positivo ma modesto (8.14) e ADX 34.8 mostrano una tendenza presente ma non forte.",SAME
2026-06-08T23:00:35.405540+00:00,NZDCHF,BUY,STD,6.62,24.9,15.2,GREEN_DARK,BUY,20,HOLD,35,"RV modesto e ADX debole indicano mancanza di trend; momentum negativo e istogramma bullish (GREEN_DARK) non forniscono una chiara conferma, ADR% basso lascia spazio ma non conferma una rottura, quindi la direzione BUY proposta non è supportata da una chiara conferma di trend.",DIFF
2026-06-08T23:00:39.175673+00:00,AUDNZD,SELL,STD,-12.54,24.7,26.9,RED_DARK,SELL,17,SELL,42,"Histogram RED_DARK e RV negativo indicano pressione ribassista, ma Normalized Momentum positivo e ADX modesto rendono il quadro ambiguo; confidenza bassa.",SAME
2026-06-08T23:00:48.354017+00:00,GBPAUD,BUY,STD,14.0,21.0,29.3,GREEN_DARK,BUY,18,BUY,60,"Momentum positivo (0.3254), histogram verde e ADR% con spazio disponibile indicano un bias rialzista moderato supportato da RV/moderato, ma ADX ~21 e non estremi limitano la forza del movimento.",SAME
2026-06-08T23:30:30.008233+00:00,GBPCHF,BUY,STD,8.82,31.8,26.4,GREEN_LIGHT,BUY,20,BUY,62,"Configurazione bullish: GREEN_LIGHT, Momentum positivo e ADR% indicano impulso e spazio di movimento con ADX moderato; RV non estremo e win rate storico basso giustificano una confidenza moderata.",SAME
2026-06-08T23:30:38.881726+00:00,CADJPY,SELL,STD,-3.55,22.5,20.5,RED_LIGHT,SELL,17,SELL,45,"Il momentum bearistico è presente (Histogram RED_LIGHT e Normalized Momentum -0.0572) e ADR% 20.5% lascia spazio per movimenti, ma Radar Value modesto e ADX 22.5 indicano una tendenza debole, quindi il segnale SELL è moderatamente incerto.",SAME
2026-06-08T23:30:49.480081+00:00,CHFJPY,SELL,STD,-6.7,23.3,18.5,RED_LIGHT,SELL,17,SELL,46,"Segnali bear di momentum (Histogram RED_LIGHT e Normalized Momentum negativo) e Radar negativo indicano vendita, ma l'ADX basso suggerisce una tendenza debole e la conferma è moderata.",SAME
2026-06-08T23:31:00.818217+00:00,NZDCHF,BUY,STD,5.93,21.1,15.2,GREEN_DARK,BUY,20,HOLD,0,Expecting value: line 1 column 1 (char 0),DIFF
2026-06-08T23:31:02.547296+00:00,EURCAD,BUY,STD,9.99,17.5,32.8,GREEN_LIGHT,BUY,18,BUY,60,"Segnale rialzista grazie a Histogram GREEN_LIGHT e Momentum positivo (0.0904), ma Radar Value modesto e ADX 17.5 indicano trend debole e potenziale consolidamento, ADR% al 32.8% mostra spazio di manovra.",SAME
2026-06-08T23:31:09.847702+00:00,GBPCAD,BUY,STD,5.67,16.6,34.2,GREEN_LIGHT,BUY,72,HOLD,45,"Momentum positivo e histogram verde indicano potenziale rialzista, ma ADX 16.6 e RV 5.67 indicano tendenza debole/incipiente; ADR% a 34.2% lascia spazio ma non c'è chiaro impulso.",DIFF
2026-06-08T23:31:23.427196+00:00,EURCHF,BUY,STD,13.14,15.3,17.8,GREEN_LIGHT,BUY,72,HOLD,0,Expecting value: line 1 column 1 (char 0),DIFF
2026-06-08T23:31:29.586616+00:00,AUDNZD,SELL,STD,-10.76,29.0,29.5,RED_DARK,SELL,17,SELL,58,"Radar Value negativo (-10.76) e Histogram RED_DARK indicano pressione ribassista, ma ADX(14)=29 e Momentum Normalized positivo suggeriscono una tendenza non molto forte e possibile pullback; ADR% = 29.5% lascia spazio al movimento ribassista.",SAME
2026-06-08T23:31:38.038293+00:00,AUDJPY,SELL,STD,-11.53,30.9,15.8,RED_DARK,SELL,17,SELL,45,"RV negativo, Momentum negativo e Histogram rosso indicano pressione ribassista, ma ADX 30.9 non conferma trend forte e ADR% 15.8% lascia spazio al movimento, quindi conferma moderata.",SAME
2026-06-09T00:00:36.903958+00:00,NZDJPY,SELL,STD,-5.71,26.2,15.7,RED_LIGHT,SELL,17,SELL,60,"Momentum normalizzato negativo e Histogram RED_LIGHT indicano pressione ribassista, ma ADX a 26.2 e Radar non estremamente negativo indicano una tendenza non forte; ADR% basso lascia spazio al movimento, quindi SELL con confidenza moderata.",SAME
2026-06-09T00:00:44.578515+00:00,NZDUSD,SELL,STD,-9.02,17.6,12.9,RED_LIGHT,SELL,15,SELL,45,"Momentum Normalizzato negativo e RED_LIGHT indicano pressione ribassista, Radar Value negativo supporta la direzione, ma ADX 17.6 indica tendenza debole e ADR basso lascia spazio a pullback; quindi setup ribassista moderato e non altamente affidabile.",SAME
2026-06-09T00:00:54.930897+00:00,AUDJPY,SELL,STD,-14.03,25.3,15.8,RED_LIGHT,SELL,17,SELL,63,"Momentum negativo e Histogram RED_LIGHT indicano pressione ribassista; Radar Value negativo conferma la direzione, ma ADX modesto e ADR% ampio suggeriscono movimento non fortemente guidato da un trend.",SAME
2026-06-09T00:01:03.840224+00:00,AUDUSD,SELL,STD,-17.34,23.3,15.1,RED_LIGHT,SELL,17,SELL,60,"La RV negativa indica potenziale ribasso ma non estremo, l'ADX a 23.3 suggerisce una tendenza non forte, l'ADR% al 15.1% lascia spazio residuo, mentre Histogram RED_LIGHT e Momentum negativo confermano la pressione ribassista; nel complesso è una configurazione ribassista ma di forza moderata.",SAME
2026-06-09T00:15:33.554191+00:00,AUDJPY,SELL,STD,-17.91,25.6,26.3,RED_LIGHT,SELL,17,SELL,60,"Momentum negativo e RED_LIGHT indicano pressione ribassista, corroborati da RV negativo, ma l'ADX moderato e l'ADR% non esausto suggeriscono cautela e limitano la forza del segnale.",SAME
2026-06-09T00:15:45.723992+00:00,NZDJPY,SELL,STD,-10.0,27.8,21.3,RED_LIGHT,SELL,17,SELL,60,"Radar Value negativo moderato, Histogram RED_LIGHT e Momentum negativo indicano pressione ribassista, ADX 27.8 mostra una tendenza moderata e ADR% a 21.3% indica spazio di movimento, quindi SELL nel modulo STD con confidenza moderata.",SAME
2026-06-09T00:15:53.694197+00:00,NZDUSD,SELL,STD,-12.71,22.6,17.7,RED_LIGHT,SELL,17,SELL,40,"Histogram RED_LIGHT e momentum negativo indicano pressione ribassista, ma ADX 22.6 e Radar Value -12.71 non confermano una tendenza forte, quindi confidenza moderata.",SAME
2026-06-09T00:16:06.229582+00:00,AUDUSD,SELL,STD,-20.62,26.8,20.8,RED_LIGHT,SELL,17,HOLD,0,The read operation timed out,DIFF
2026-06-09T00:30:34.194143+00:00,NZDUSD,SELL,STD,-14.21,27.1,19.4,RED_LIGHT,SELL,17,SELL,65,"RV negativo e momentum in calo con RED_LIGHT indicano pressione ribassista; ADX 27.1 è moderato e non conferma un forte trend, ma ADR 19.4% segnala spazio per ulteriori ribassi.",SAME
2026-06-09T00:30:42.441290+00:00,AUDJPY,SELL,STD,-19.64,28.1,26.3,RED_LIGHT,SELL,17,SELL,52,"Momentum Normalizzato negativo e Histogram RED_LIGHT indicano pressione ribassista, ma ADX 28.1 e Radar Value -19.64 non mostrano una tendenza molto forte, quindi la conferma è modesta.",SAME
2026-06-09T00:30:52.006538+00:00,NZDJPY,SELL,STD,-12.0,31.3,22.5,RED_LIGHT,SELL,17,SELL,70,"Sell secondo il modulo STD: RED_LIGHT, momentum negativo e Radar negativo indicano condizione ribassista; l'ADX è moderato (31.3) suggerendo una tendenza presente ma non forte, e l'ADR% a 22.5% lascia spazio al movimento ribassista.",SAME
2026-06-09T00:30:59.384916+00:00,AUDUSD,SELL,STD,-21.85,29.9,20.8,RED_LIGHT,SELL,17,SELL,62,"Segnale ribassista confermato da Histogram RED_LIGHT e Momentum negativo, ma RV non estremo e ADX <40 indicano una tendenza debole, quindi rischio moderato.",SAME
2026-06-09T00:45:25.615056+00:00,NZDJPY,SELL,STD,-11.55,34.8,22.5,RED_DARK,SELL,17,SELL,60,"Histogram RED_DARK e momentum normalizzato negativo indicano pressione ribassista; RV negativo conferma la direzione, ma ADX <40 indica che il trend non è forte e potrebbe esserci range.",SAME
2026-06-09T01:00:34.723975+00:00,CADJPY,SELL,STD,-3.16,27.3,31.8,RED_DARK,SELL,17,HOLD,40,"Segnale non chiaro: RV negativo ma modesto, histogram bearish ma momentum positivo e ADX debole; ADR indica spazio ma non conferma una tendenza forte, quindi meglio attendere conferme.",DIFF
2026-06-09T01:00:44.130962+00:00,GBPNZD,BUY,STD,9.93,38.6,35.2,GREEN_DARK,BUY,20,BUY,60,"Momentum positivo (0.6802) e histogram GREEN_DARK indicano potenziale rialzo con ADR a 35.2% che lascia spazio, ma ADX 38.6 e Radar 9.93 indicano una tendenza non ancora forte.",SAME
2026-06-09T01:00:53.809794+00:00,NZDJPY,SELL,STD,-9.22,34.5,22.5,RED_DARK,SELL,17,SELL,66,"RV negativo, Momentum negativo e Histogram RED_DARK indicano pressione ribassista; ADX>20 conferma una tendenza in sviluppo e l'ADR% al 22.5% mostra spazio per ulteriori movimenti, quindi la direzione SELL è supportata.",SAME
2026-06-09T01:00:58.641081+00:00,USDCAD,BUY,STD,7.96,25.6,41.1,GREEN_DARK,BUY,20,BUY,60,"Momentum positivo (+0.429) e histogram verde indicano una spinta rialzista modesta, ADR% a 41% lascia spazio al movimento, ma ADX=25.6 e RV=7.96 indicano una tendenza non ancora confermata.",SAME
2026-06-09T01:01:08.960289+00:00,GBPAUD,BUY,STD,15.04,23.5,39.1,GREEN_DARK,BUY,20,HOLD,42,"RV positivo ma non estremo, momentum positivo e ADR% con spazio indicano potenziale rialzista, ma ADX <25 suggerisce una tendenza debole quindi l'ingresso resta incerto.",DIFF
2026-06-09T01:01:14.789373+00:00,NZDUSD,SELL,STD,-14.02,28.7,19.4,RED_DARK,SELL,17,SELL,56,"Momentum normalizzato negativo e istogramma rosso indicano pressione ribassista, ma ADX moderato e Radar Value non confermano una tendenza forte, mentre ADR% indica spazio per movimenti.",SAME
2026-06-09T01:01:20.500097+00:00,AUDJPY,SELL,STD,-14.33,29.6,30.3,RED_DARK,SELL,17,SELL,60,"Histogram RED_DARK e momentum negativo indicano pressione ribassista, ma RV non estremamente negativo e ADX intorno a 30 indicano trend moderato.",SAME
2026-06-09T01:01:28.850093+00:00,AUDUSD,SELL,STD,-19.12,27.3,20.8,RED_DARK,SELL,17,SELL,60,"Histogram RED_DARK e momentum normalizzato negativo (-0.4443) indicano pressione ribassista, ma ADX 27.3 e RV -19.12 non mostrano una tendenza fortemente consolidata, e ADR% 20.8% lascia spazio a movimenti, quindi è una conferma moderata del SELL.",SAME
2026-06-09T01:15:31.462243+00:00,GBPCAD,BUY,STD,4.58,26.3,34.2,GREEN_LIGHT,BUY,20,BUY,60,"Momentum positivo (Normalized Momentum >0 e Histogram GREEN_LIGHT) con ADR al 34.2% che lascia spazio, ma la forza di trend è moderata (ADX 26.3) e RV non conferma una direzione forte.",SAME
2026-06-09T01:15:37.843880+00:00,CADJPY,SELL,STD,-2.24,25.7,31.8,RED_DARK,SELL,17,SELL,45,"Segnali contrastanti: histogram RED_DARK e RV negativo indicano pressione ribassista, ma Momentum positivo e ADX modesto (≈25.7) suggeriscono incertezza e una tendenza non forte.",SAME
2026-06-09T01:15:46.738364+00:00,GBPNZD,BUY,STD,9.66,38.0,35.2,GREEN_DARK,BUY,20,BUY,68,"Momentum positivo (0.7168) e Histogram bullish (GREEN_DARK) indicano potenziale rialzo, RV moderato e ADX 38 mostrano tendenza presente ma non molto forte, mentre ADR% al 35.2% lascia spazio di movimento, quindi BUY con confidenza moderata.",SAME
2026-06-09T01:15:52.467259+00:00,NZDJPY,SELL,STD,-7.32,30.4,22.5,RED_DARK,SELL,17,SELL,65,"Histogram bearish (RED_DARK) e momentum negativo indicano pressione ribassista, con ADX moderato e RV non estremo; ADR mostra spazio per ulteriori movimenti, quindi segnale è sostenuto ma non estremamente forte.",SAME
2026-06-09T01:15:58.438726+00:00,USDCAD,BUY,STD,7.92,22.9,41.1,GREEN_DARK,BUY,20,BUY,63,"Momentum positivo (Normalized Momentum ≈ 0.439) e histogram GREEN_DARK indicano pressione rialzista; ADR% 41.1% offre spazio di movimento, ma RV modesto e ADX 22.9 suggeriscono trend moderato e assenza di breakout forte.",SAME
2026-06-09T01:16:06.212101+00:00,GBPAUD,BUY,STD,13.57,21.0,39.1,GREEN_DARK,BUY,18,BUY,63,"Momentum positivo (0.0942) e Histogram GREEN_DARK con ADR% 39.1% indicano spazio per rialzo, RV modesto e ADX a 21 indicano una tendenza debole ma orientata al rialzo.",SAME
2026-06-09T01:16:13.500395+00:00,AUDUSD,SELL,STD,-16.9,25.3,22.6,RED_DARK,SELL,17,SELL,60,"Histogram bearish e momentum negativo indicano pressione ribassista, ma RV non estremamente negativo e ADX moderato suggeriscono cautela.",SAME
2026-06-09T01:16:21.122255+00:00,AUDJPY,SELL,STD,-11.23,26.5,32.9,RED_DARK,SELL,17,HOLD,38,"Segnali contrastanti: Histogram RED_DARK e RV negativo indicano pressione ribassista, ma Normalized Momentum positivo e ADX non forte rendono la direzione incerta; ADR mostra spazio residuo e l’interpretazione è ambigua.",DIFF
2026-06-09T01:16:29.281308+00:00,NZDUSD,SELL,STD,-13.0,24.8,19.4,RED_DARK,SELL,17,SELL,50,"Momentum negativo e Histogram bearish indicano pressione al ribasso, ma ADX non mostra tendenza forte e Radar non è estremo, quindi è un setup bearish moderato con rischi di pullback.",SAME
2026-06-09T01:30:33.716109+00:00,USDJPY,BUY,STD,6.05,29.1,42.0,GREEN_LIGHT,BUY,20,BUY,60,"Momentum positivo (Normalized Momentum 0.4934) e Histogram GREEN_LIGHT indicano slancio rialzista, ADR% al 42% mostra spazio per ulteriori swing, ma ADX 29.1 e RV 6.05 indicano una tendenza moderata piuttosto che forte.",SAME
2026-06-09T01:30:39.464913+00:00,GBPCAD,BUY,STD,5.11,25.2,34.2,GREEN_LIGHT,BUY,20,BUY,65,"La RV positiva ma non estrema, ADX 25.2 indica trend moderato, Histogram GREEN_LIGHT e Momentum positivo supportano una spinta rialzista, ADR al 34.2% mostra spazio per muoversi; quindi BUY con fiducia moderata, tenendo presente che la forza del trend non è ancora forte.",SAME
2026-06-09T01:30:46.188578+00:00,GBPJPY,BUY,STD,4.17,27.3,33.0,GREEN_LIGHT,BUY,20,BUY,58,"RV positivo ma non estremo, ADX a 27.3 indica tendenza moderata non ancora forte, ma Histogram GREEN_LIGHT e Momentum positivo suggeriscono impulso rialzista; ADR% al 33% lascia spazio di movimento, quindi BUY con conferma moderata.",SAME
2026-06-09T01:30:53.085334+00:00,GBPNZD,BUY,STD,7.95,33.2,35.2,GREEN_DARK,BUY,20,BUY,65,"Momentum positivo e istogramma verde indicano potenziale rialzo, ADR non esausto lascia spazio di movimento, ma RV modesto e ADX non fortissimo suggeriscono una tendenza moderata e rischio non trascurabile.",SAME
2026-06-09T01:31:03.224237+00:00,NZDUSD,SELL,STD,-9.83,24.0,22.6,RED_DARK,SELL,17,HOLD,50,"I segnali sono misti: RV negativo, Histogram RED_DARK e momentum negativo indicano pressione ribassista, ma ADX a 24 mostra una tendenza debole e ADR% al 22.6% indica spazio per movimenti, quindi non c'è una chiara conferma di una rottura ribassista.",DIFF
2026-06-09T01:31:10.167167+00:00,USDCAD,BUY,STD,6.98,21.0,41.1,GREEN_DARK,BUY,18,HOLD,48,"Momentum positivo (0.1403) e histogram GREEN_DARK suggeriscono pressione rialzista, ma ADX a 21 e RV a 6.98 indicano assenza di forte conferma di tendenza; ADR% al 41.1% lascia spazio al movimento senza direzione chiara.",DIFF
2026-06-09T01:31:19.970588+00:00,GBPAUD,BUY,STD,11.68,21.8,39.1,GREEN_DARK,BUY,20,HOLD,38,"RV positivo ma modesto e ADX basso indicano una tendenza debole; l'Histogram è verde-dark mentre il Normalized Momentum è negativo, quindi non c'è una chiara conferma di un rialzo e la configurazione è ambigua.",DIFF
2026-06-09T01:31:29.586000+00:00,AUDUSD,SELL,STD,-13.55,26.0,34.0,RED_DARK,SELL,17,SELL,44,"RV=-13.55 e Histogram RED_DARK indicano pressione ribassista e ADX=26 conferma una tendenza moderata, ma Normalized Momentum positivo e ADR%=34 suggeriscono potenziale pullback/continuazione laterale, quindi la configurazione è ambigua con leggera preferenza ribassista.",SAME
2026-06-09T01:45:28.414296+00:00,GBPCAD,BUY,STD,5.61,24.2,34.2,GREEN_LIGHT,BUY,20,HOLD,45,"ADX moderato e RV basso indicano una tendenza incerta; nonostante l'istogramma sia GREEN_LIGHT e momentum positivo, manca una conferma di direzione e quindi HOLD.",DIFF
2026-06-09T01:45:35.740256+00:00,NZDUSD,SELL,STD,-5.46,24.9,27.4,RED_DARK,SELL,17,HOLD,44,"Segnali contrastanti: momentum Normalized è positivo ma l'Histogram è RED_DARK e RV è modesto negativo; ADX è debole e ADR non è esausto, quindi non c'è una chiara direzione.",DIFF
2026-06-09T01:45:44.624749+00:00,USDJPY,BUY,STD,5.36,27.4,42.0,GREEN_DARK,BUY,20,BUY,62,"Momentum normalizzato positivo e istogramma GREEN_DARK indicano potenziale rialzo con ADR 42% che lascia spazio, ma ADX 27.4 e Radar 5.36 indicano tendenza debole e conferma non pienamente presente, quindi fiducia moderata.",SAME
2026-06-09T01:45:53.002141+00:00,GBPAUD,BUY,STD,9.08,24.4,40.2,GREEN_DARK,BUY,20,HOLD,40,"Segnale ambivalente: RV positivo ma modesto, ADX 24.4 indica debole tendenza, ADR% 40.2% mostra spazio residuo, ma Momentum normalizzato è negativo e l'istogramma non è pienamente coerente con un breakout rialzista, quindi la conferma per BUY è debole.",DIFF
2026-06-09T01:46:01.935165+00:00,USDCAD,BUY,STD,5.51,21.4,41.1,GREEN_DARK,BUY,20,HOLD,45,"Istogramma GREEN_DARK suggerisce potenziale rialzo, ma momentum normalizzato negativo (-0.2044) e ADX 21.4 indicano trend debole, Radar Value modesto e ADR al 41.1% lasciano spazio per movimenti futuri.",DIFF
2026-06-09T01:46:08.179591+00:00,AUDUSD,SELL,STD,-8.98,28.0,41.5,RED_DARK,SELL,17,SELL,42,"Radar Negative moderato e istogramma RED_DARK ribassista indicano pressione di vendita, ma Momentum positivo e ADX modesto creano ambiguità; conferma bassa.",SAME
2026-06-09T02:00:36.033631+00:00,GBPNZD,BUY,STD,4.46,31.3,35.2,GREEN_DARK,BUY,20,HOLD,45,"Segnale ambivalente: RV positivo moderato e ADX>20 suggeriscono possibile salita, ma Momentum Normalizzato negativo e Histogram non confermano, quindi è prudente attendere conferme.",DIFF
2026-06-09T02:00:44.056415+00:00,GBPCAD,BUY,STD,6.18,23.4,35.5,GREEN_LIGHT,BUY,20,BUY,57,"Momentum positivo (Normalized Momentum 0.5122) e Histogram GREEN_LIGHT indicano potenziale rialzo, ADR 35.5% lascia spazio di movimento, ma RV modesto e ADX 23.4 suggeriscono un trend debole e conferma incerta.",SAME
2026-06-09T02:00:57.171425+00:00,GBPAUD,BUY,STD,6.95,27.7,41.3,GREEN_DARK,BUY,20,HOLD,46,"Segnale incerto: RV positivo ma moderato, ADX <30 indica mancanza di tendenza forte, Momentum normalizzato negativo non conferma l’uptrend nonostante l’Histogram sia GREEN_DARK, quindi è preferibile HOLD.",DIFF
2026-06-09T02:15:31.698744+00:00,AUDNZD,SELL,STD,-1.93,37.8,37.2,RED_LIGHT,SELL,17,HOLD,40,"Segnali contrastanti: l'istogramma RED_LIGHT suggerisce ribasso, ma il Momentum Normalizzato è positivo e l'ADX non è forte (RV non è estremo), quindi la direzione non è chiara.",DIFF
2026-06-09T02:15:41.028997+00:00,NZDCAD,BUY,STD,2.91,27.0,24.0,GREEN_LIGHT,BUY,20,BUY,60,"Momentum positivo e Histogram GREEN_LIGHT indicano impulso rialzista e ADR% mostra spazio per ulteriori movimenti, ma RV modesto e ADX a 27 indicano una tendenza non robusta, quindi ingresso BUY con cautela.",SAME
2026-06-09T02:15:50.442332+00:00,GBPCAD,BUY,STD,6.73,21.9,39.5,GREEN_LIGHT,BUY,20,BUY,58,"Bias rialzista moderato supportato da histogram verde e momentum positivo, ADR al 39.5% indica ampio spazio di movimento, ma ADX basso e RV non estremi indicano una forza di trend limitata.",SAME
2026-06-09T02:15:55.252443+00:00,GBPAUD,BUY,STD,5.75,31.1,42.4,GREEN_DARK,BUY,20,HOLD,45,"Momentum negativo (-0.7634) contrasta con l'istogramma GREEN_DARK e ADR favorevole; RV modesto e ADX non confermano un trend forte, quindi la configurazione è ambigua e merita HOLD.",DIFF
2026-06-09T02:30:35.289237+00:00,AUDNZD,SELL,STD,-3.09,34.4,37.2,RED_LIGHT,SELL,17,HOLD,40,"Segnale ambiguo: RV debole (-3.09) e ADX <40 indicano tendenza non forte, l'Histogram è RED_LIGHT ma il momentum Normalizzato è positivo, ADR% mostra spazio; non c'è conferma chiara per SELL.",DIFF
2026-06-09T02:30:44.551879+00:00,GBPAUD,BUY,STD,7.5,34.2,42.4,GREEN_LIGHT,BUY,20,HOLD,40,"Indicazioni contrastanti: momentum normalizzato negativo (ribassista) non supporta la direzione BUY, nonostante Histogram GREEN_LIGHT e ADR% moderato; RV e ADX indicano trend debole.",DIFF
2026-06-09T02:30:53.472744+00:00,USDJPY,BUY,STD,5.56,22.4,42.0,GREEN_LIGHT,BUY,20,HOLD,45,"ADX 22.4 e RV 5.56 indicano mancanza di tendenza robusta, anche se momentum positivo e Histogram verde suggeriscono una possibile spinta rialzista a breve termine.",DIFF
2026-06-09T02:31:01.015605+00:00,AUDUSD,SELL,STD,-3.1,32.6,45.3,RED_LIGHT,SELL,17,HOLD,45,"RV (-3.1) e ADX 32.6 indicano tendenza debole/moderata, Histogram RED_LIGHT suggerisce ribasso ma Normalized Momentum è positivo; ADR% al 45.3% lascia spazio, quindi segnali incoerenti e non sostenuti per SELL.",DIFF
2026-06-09T02:31:07.791253+00:00,GBPCAD,BUY,STD,6.87,22.8,39.5,GREEN_LIGHT,BUY,20,BUY,60,"Momentum normalizzato positivo (0.6132) e GREEN_LIGHT sull'Histogram indicano pressione rialzista, ma ADX a 22.8 e RV a 6.87 non mostrano una tendenza forte e ADR% al 39.5% lascia spazio a movimenti, quindi BUY con confidenza moderata.",SAME
2026-06-09T02:31:16.135843+00:00,USDCAD,BUY,STD,2.47,25.7,41.1,GREEN_DARK,BUY,20,HOLD,48,"Segnali misti: RV modesto (2.47), ADX 25.7 debole, ADR 41.1% indica spazio, Histogram GREEN_DARK bullish mentre Momentum normalizzato -0.5774 è negativo; configurazione incerta, quindi HOLD.",DIFF
2026-06-09T02:45:36.970166+00:00,AUDNZD,SELL,STD,-4.06,31.4,37.2,RED_LIGHT,SELL,17,HOLD,40,"Segnali conflittuali: l'Histogram indica ribasso forte e Radar/ADX supportano una tendenza ribassista moderata, ma Normalized Momentum è rialzista e ADR% lascia spazio, quindi la direzione non è chiara e la confidenza è bassa.",DIFF
2026-06-09T02:45:44.408098+00:00,GBPAUD,BUY,STD,8.89,31.9,42.4,GREEN_LIGHT,BUY,20,HOLD,45,"Segnali contrastanti: Histogram GREEN_LIGHT suggerisce rialzo, ma Normalized Momentum è negativo indicando ribasso; ADX moderato e Radar Value non estremi indicano assenza di forte tendenza, e ADR% mostra spazio residuo, quindi la direzione BUY non è chiara al momento.",DIFF
2026-06-09T02:45:48.996381+00:00,USDJPY,BUY,STD,6.0,22.9,42.0,GREEN_LIGHT,BUY,20,BUY,60,"Momentum positivo e Histogram GREEN_LIGHT indicano potenziale rialzista, ma ADX basso e RV modesto suggeriscono una tendenza non robusta, quindi confidenza moderata.",SAME
2026-06-09T02:45:58.156046+00:00,AUDUSD,SELL,STD,-4.36,31.3,45.3,RED_LIGHT,SELL,17,HOLD,45,"Segnali contrastanti: Histogram RED_LIGHT indica ribasso mentre Normalized Momentum è positivo e RV modesto (-4.36) con ADX 31.3 non conferiscono una tendenza chiara; ADR% 45.3% lascia spazio al movimento, quindi non c'è conferma forte del SELL.",DIFF
2026-06-09T02:46:05.254274+00:00,NZDJPY,BUY,STD,5.7,31.9,37.1,GREEN_LIGHT,BUY,20,BUY,65,"Momentum positivo, istogramma GREEN_LIGHT e ADR al 37.1% indicano spazio per un movimento rialzista, ma ADX 31.9 e RV debole (5.7) suggeriscono una tendenza moderata e forza non estremamente elevata.",SAME
2026-06-09T02:46:14.364731+00:00,USDCAD,BUY,STD,2.2,25.9,41.1,GREEN_DARK,BUY,20,HOLD,42,"Segnali contrastanti: histogram verde indica rialzo, ma momentum negativo e ADX modesto insieme a RV debole non forniscono una conferma di direzione.",DIFF
2026-06-09T03:00:36.854590+00:00,AUDNZD,SELL,STD,-4.44,27.6,37.2,RED_LIGHT,SELL,17,HOLD,42,"Segnali contrastanti: l'Histogram indica ribasso forte, ma il Momentum Normalizzato è positivo e l'ADX/RV non confermano una tendenza robusta, quindi la decisione non è chiara.",DIFF
2026-06-09T03:00:46.218215+00:00,USDJPY,BUY,STD,6.29,24.4,42.0,GREEN_LIGHT,BUY,20,BUY,60,"Momentum positivo e histogram GREEN_LIGHT indicano potenziale rialzo con spazio residuo (ADR 42%), ma ADX 24.4 e RV modesto indicano una tendenza debole e richiedono cautela.",SAME
2026-06-09T03:00:55.962971+00:00,AUDUSD,SELL,STD,-5.46,28.2,45.3,RED_LIGHT,SELL,17,HOLD,40,"Segnali contrastanti: Histogram indica ribasso ma Normalized Momentum è positivo e ADX è sotto 40, quindi non esiste conferma di una tendenza forte.",DIFF
2026-06-09T03:01:09.101771+00:00,USDCAD,BUY,STD,1.91,26.0,41.1,GREEN_DARK,BUY,20,HOLD,40,"Segnali contrastanti: ADX non forte e momentum Normalized negativo contrastano con istogramma verde, quindi non chiaro un setup BUY.",DIFF
2026-06-09T03:01:11.116118+00:00,GBPAUD,BUY,STD,10.18,29.8,42.4,GREEN_LIGHT,BUY,20,BUY,65,"Trend moderatamente bullish: RV positivo, momentum positivo e histogram verde indicano potenziale rialzo, ADX ≈29.8 non molto forte ma >20 e ADR al 42% indicano spazio di movimento, quindi BUY con confidenza moderata.",SAME
2026-06-09T03:01:22.570918+00:00,GBPJPY,BUY,STD,11.01,32.8,41.2,GREEN_LIGHT,BUY,20,BUY,65,"Momentum positivo e Histogram GREEN_LIGHT indicano pressione rialzista, ADR% non esausto e ADX moderato supportano una tendenza, anche se Radar Value non è estremamente forte.",SAME
2026-06-09T03:15:29.408471+00:00,AUDNZD,SELL,STD,-7.17,27.6,37.2,RED_LIGHT,SELL,17,SELL,60,"Radar negativo indica tendenza ribassista moderata, confermata da Histogram RED_LIGHT e Momentum negativo, mentre ADX non è molto forte e ADR indica spazio per movimenti, quindi credibilità moderata della downside.",SAME
2026-06-09T03:15:42.921817+00:00,NZDJPY,BUY,STD,7.32,26.6,37.1,GREEN_LIGHT,BUY,20,BUY,60,"Momentum positiva e Histogram GREEN_LIGHT indicano potenziale rialzista, ma ADX 26.6 e RV non estremi mostrano una tendenza debole/ambigua, nonostante l'ADR% 37.1% lasci spazio a movimenti.",SAME
2026-06-09T03:15:46.003535+00:00,NZDCAD,BUY,STD,2.25,21.6,24.0,GREEN_LIGHT,BUY,20,HOLD,45,"Segnali misti: RV basso e ADX-modesto indicano debolezza della tendenza, ma Histogram GREEN_LIGHT e momentum positivo suggeriscono possibile rialzo; quindi non chiaro e potenzialmente rischioso, HOLD.",DIFF
2026-06-09T03:15:56.777373+00:00,GBPJPY,BUY,STD,11.84,32.9,41.2,GREEN_LIGHT,BUY,20,BUY,68,"Histogram GREEN_LIGHT e Momentum positivo indicano potenziale rialzista, ADX 32.9 mostra tendenza presente ma non estremamente forte, RV modesto e ADR% al 41.2% lasciano spazio al movimento.",SAME
2026-06-09T03:30:39.156150+00:00,USDJPY,BUY,STD,6.71,29.0,42.0,GREEN_LIGHT,BUY,20,HOLD,0,The read operation timed out,DIFF
2026-06-09T03:30:49.036548+00:00,USDCAD,BUY,STD,1.45,24.6,41.1,GREEN_LIGHT,BUY,20,HOLD,45,"Segnale misto: RV positivo e Histogram GREEN_LIGHT indicano potenziale rialzista, ma Momentum Normalized negativo e ADX 24.6 non confermano un trend forte, pur con ADR al 41% che lascia spazio.",DIFF
2026-06-09T03:30:52.418977+00:00,AUDUSD,SELL,STD,-8.54,23.5,45.3,RED_LIGHT,SELL,17,HOLD,45,"Segnali contrastanti: Histogram RED_LIGHT e Radar Value negativo suggeriscono potenziale ribasso, ma Normalized Momentum positivo e ADX modesto indicano assenza di tendenza forte; ADR% mostra spazio di movimento, quindi direzione non chiara.",DIFF
2026-06-09T03:31:01.694603+00:00,NZDJPY,BUY,STD,8.24,25.1,37.1,GREEN_LIGHT,BUY,20,BUY,60,"Momentum positivo (Histogram GREEN_LIGHT e Normalized Momentum >0) con ADR ancora spazio e direzione rialzista moderata, ma RV modesto e ADX 25 indicano trend non robusto, quindi buy con cautela.",SAME
2026-06-09T03:31:10.731378+00:00,NZDCAD,BUY,STD,2.98,18.8,24.0,GREEN_LIGHT,BUY,18,BUY,65,"RV positivo indica direzione rialzista moderata; ADX 18.8 segnala debole forza di trend, ma Histogram GREEN_LIGHT e Momentum positivo supportano l’ingresso, ADR% al 24% lascia spazio al movimento.",SAME
2026-06-09T03:31:19.227659+00:00,AUDNZD,SELL,STD,-10.07,28.2,37.2,RED_LIGHT,SELL,17,SELL,72,"Histogram RED_LIGHT e momentum negativo indicano pressione ribassista; RV non estremo e ADX moderato limitano la forza della tendenza, ma ADR% lascia spazio al movimento, supportando una SELL.",SAME
2026-06-09T03:31:26.197846+00:00,GBPJPY,BUY,STD,12.03,34.5,43.3,GREEN_LIGHT,BUY,20,BUY,65,"GBPJPY mostra impulso rialzista moderato: RV positivo ma non estremo, ADX 34.5 indica tendenza presente ma non forte, Histogram verde e Momentum positivo supportano l'acquisto e ADR% al 43% lascia spazio a movimenti, quindi confidenza moderata.",SAME
2026-06-09T03:45:30.959372+00:00,GBPCAD,BUY,STD,7.22,26.5,39.5,GREEN_LIGHT,BUY,20,BUY,65,"RV positivo ma modesto, ADX 26.5 indica tendenza debole; Histogram GREEN_LIGHT e Normalized Momentum positivo suggeriscono potenziale rialzista a breve con ADR% 39.5% che lascia spazio, quindi BUY con confidenza moderata.",SAME
2026-06-09T03:45:42.554122+00:00,NZDJPY,BUY,STD,11.54,24.1,42.7,GREEN_LIGHT,BUY,20,BUY,62,"Momentum positivo (Normalized Momentum 0.9637) con Histogram GREEN_LIGHT e ADR% 42.7 indicano spazio per movimenti e impulso rialzista; RV è positivo ma modesto e ADX a 24.1 segnala trend debole ma presente, suggerendo un entry con moderata conferma.",SAME
2026-06-09T04:00:25.164399+00:00,NZDCAD,BUY,STD,8.39,17.3,33.3,GREEN_LIGHT,BUY,18,BUY,60,"Momentum positivo e Histogram GREEN_LIGHT indicano rialzo, ADR% offre spazio per muovere il prezzo, ma ADX basso e RV modesto suggeriscono trend debole e potenziale pullback.",SAME
2026-06-09T04:00:34.243009+00:00,GBPJPY,BUY,STD,12.68,33.9,44.3,GREEN_LIGHT,BUY,20,BUY,60,"Momentum positivo e HISTOGRAM GREEN_LIGHT indicano impulso rialzista, ADR% non è esausto e Radar non è estremo, ma ADX 33.9 mostra trend moderato e richiede gestione del rischio quindi BUY con cautela.",SAME
2026-06-09T04:00:42.049943+00:00,NZDJPY,BUY,STD,13.88,25.0,44.9,GREEN_LIGHT,BUY,20,BUY,68,"Momentum positivo (Histogram GREEN_LIGHT e Normalized Momentum >0) indica impulso rialzista; RV e ADX sono moderati e ADR indica spazio per movimenti, quindi segnale BUY moderato.",SAME
2026-06-09T04:15:35.395530+00:00,NZDCAD,BUY,STD,9.91,18.7,33.3,GREEN_LIGHT,BUY,18,HOLD,52,"ADX(14) a 18.7 indica una tendenza debole e non confermata, nonostante RV moderato positivo, ADR% a 33.3% lascia spazio al movimento, Histogram GREEN_LIGHT e momentum positivo suggeriscono potenziale rialzista, ma manca una conferma di tendenza forte, quindi HOLD.",DIFF
2026-06-09T04:15:42.241512+00:00,GBPJPY,BUY,STD,13.13,34.8,45.4,GREEN_LIGHT,BUY,20,BUY,65,"Momentum positivo e Histogram GREEN_LIGHT indicano pressione rialzista, ADR% segnala spazio di manovra, ma ADX 34.8 non conferma un trend forte e RV 13.13 non è estremo.",SAME
2026-06-09T04:15:50.279003+00:00,NZDJPY,BUY,STD,16.02,26.5,46.1,GREEN_LIGHT,BUY,20,BUY,65,"La combinazione di Histogram GREEN_LIGHT e Momentum positivo con ADR% vicino al 50% indica potenziale rialzista e spazio di movimento, ma ADX moderato (26.5) e RV non estremo (16.02) suggeriscono una forza di tendenza moderata e quindi cautela.",SAME
2026-06-09T04:16:02.093508+00:00,NZDCAD,BUY,BRK,9.91,18.7,33.3,GREEN_LIGHT,BUY,18,BUY,65,"Radar Value positivo ma non estremo, momentum e histogram indicano potenziale rialzista con ADR% che lascia spazio, ma ADX basso segnala trend debole e richiede conferme per un breakout.",SAME
2026-06-09T04:30:35.296367+00:00,GBPCAD,BUY,STD,7.31,33.4,42.1,GREEN_LIGHT,BUY,20,BUY,63,"Momentum positivo e Histogram GREEN_LIGHT indicano slancio rialzista moderato, ADR% mostra spazio residuo, ma ADX 33.4 e RV 7.31 non indicano una tendenza forte; quindi la direzione BUY ha confidenza moderata.",SAME
2026-06-09T04:30:42.192133+00:00,NZDCAD,BUY,STD,10.71,19.9,33.3,GREEN_LIGHT,BUY,18,HOLD,45,"Tendenza debole (ADX 19.9) e RV 10.71 senza conferma chiara, nonostante histogram GREEN_LIGHT e momentum positivo; ADR indica spazio disponibile, ma nel complesso setup non è ancora chiaro.",DIFF
2026-06-09T04:30:51.832319+00:00,GBPJPY,BUY,STD,13.87,36.5,47.4,GREEN_LIGHT,BUY,20,BUY,65,"RV positivo ma non estremo, ADX(14) a 36.5 indica trend moderato, ADR% al 47.4% segnala spazio a muoversi, Histogram GREEN_LIGHT e Momentum positivo supportano una salita.",SAME
2026-06-09T04:30:56.367778+00:00,NZDJPY,BUY,STD,17.27,28.5,47.2,GREEN_LIGHT,BUY,20,BUY,55,"Momentum positivo (Normalized Momentum 1.1405) e Histogram GREEN_LIGHT supportano BUY, ma RV 17.27 non è estremo e l'ADX 28.5 è moderato; l'ADR al 47.2% indica spazio ancora, quindi la conferma è moderata.",SAME
2026-06-09T04:31:04.383726+00:00,NZDCAD,BUY,BRK,10.71,19.9,33.3,GREEN_LIGHT,BUY,18,HOLD,45,"Hold: ADX 19.9 indica tendenza debole e manca conferma di breakout; nonostante momentum positivo e Histogram GREEN_LIGHT, la mancanza di forza della tendenza rende incerto il trade.",DIFF
2026-06-09T04:45:33.726156+00:00,GBPCAD,BUY,STD,8.05,37.1,44.7,GREEN_LIGHT,BUY,20,BUY,65,"Momentum positivo e Histogram GREEN_LIGHT indicano potenziale rialzista, ADR offre spazio per movimenti, RV positivo ma non estremo e ADX a 37.1 suggeriscono una tendenza moderata, quindi conferma moderata.",SAME
2026-06-09T04:45:44.628822+00:00,AUDNZD,SELL,STD,-18.63,26.1,43.6,RED_LIGHT,SELL,17,HOLD,42,"Momentum negativa e l'Histogram RED_LIGHT indicano pressione ribassista a breve, ma ADX 26.1 e Radar non estremi non confermano una tendenza robusta, e ADR al 43.6% lascia spazio, quindi la decisione non è chiara.",DIFF
2026-06-09T04:45:51.800381+00:00,NZDCAD,BUY,STD,13.94,21.1,42.7,GREEN_LIGHT,BUY,20,HOLD,45,"Momentum positivo e GREEN_LIGHT indicano possibilità di rialzo, ma ADX 21.1 e Radar 13.94 indicano tendenza debole/ambigua; ADR 42.7% lascia spazio, quindi la configurazione è incerta.",DIFF
2026-06-09T04:45:59.571668+00:00,GBPAUD,BUY,STD,12.74,22.1,44.6,GREEN_DARK,BUY,20,BUY,60,"Momentum positivo (0.1039), Histogram GREEN_DARK e ADR 44.6% indicano potenziale rialzista con spazio, ma ADX 22.1 e RV non estremi suggeriscono trend non forte e richiedono gestione del rischio.",SAME
2026-06-09T04:46:10.049180+00:00,GBPJPY,BUY,STD,14.66,39.2,50.5,GREEN_LIGHT,BUY,10,BUY,60,"Momentum positivo e histogram GREEN_LIGHT indicano pressione rialzista, ma RV modesto (14.66) e ADX < 40 suggeriscono tendenza non robusta, mentre ADR% a 50.5% lascia spazio limitato.",SAME
2026-06-09T05:00:32.929628+00:00,GBPCAD,BUY,STD,9.47,41.3,51.3,GREEN_LIGHT,BUY,10,BUY,70,"ADX >40 indica tendenza forte, Histogram GREEN_LIGHT e Momentum positivo indicano impulso rialzista, ADR 51.3% offre spazio di manovra e RV non estremo supporta la direzione.",SAME
2026-06-09T05:00:44.859877+00:00,GBPAUD,BUY,STD,12.0,22.9,44.6,GREEN_DARK,BUY,20,HOLD,46,"RV modesto (12.0) e ADX 22.9 indicano una tendenza debole, il momentum è positivo ma modesto e l'istogramma GREEN_DARK non conferma una spinta forte, mentre ADR% a 44.6% lascia spazio ma non mostra una rottura chiara, quindi la situazione è ambigua e suggerisce HOLD.",DIFF
2026-06-09T05:00:52.198766+00:00,AUDNZD,SELL,STD,-20.77,26.1,43.6,RED_LIGHT,SELL,17,SELL,55,"Momentum negativo e Histogram RED_LIGHT indicano pressione ribassista, ma l'ADX non conferma una tendenza forte, quindi SELL con cautela.",SAME
2026-06-09T05:15:31.387964+00:00,GBPAUD,BUY,STD,11.62,23.6,44.6,GREEN_DARK,BUY,20,HOLD,60,"ADX 23.6 indica tendenza debole/instabile e RV modesto non confermano una forte spinta; nonostante momentum positivo e Histogram GREEN_DARK, la conferma di un movimento sostenuto manca, quindi HOLD.",DIFF
2026-06-09T05:15:37.865749+00:00,GBPJPY,BUY,STD,16.1,46.4,57.7,GREEN_LIGHT,BUY,6,BUY,75,"ADX>40 indica tendenza forte, momentum positivo e Histogram verde confermano impulso rialzista; RV positivo ma non estremo e ADR% moderato offrono spazio al movimento.",SAME
2026-06-09T05:15:49.375506+00:00,AUDNZD,SELL,STD,-22.78,26.4,43.6,RED_LIGHT,SELL,17,SELL,60,"Histogram RED_LIGHT indica pressione ribassista e Momentum negativo confermano il segnale, ma l'ADX modesto e RV non estremo riducono la forza della tendenza.",SAME
2026-06-09T05:30:37.352521+00:00,GBPCAD,BUY,STD,9.89,50.5,51.3,GREEN_DARK,BUY,3,BUY,75,"ADX >40 indica tendenza forte, momentum positivo e histogram verde indicano rialzo; RV non è estremo ma allinea la direzione e ADR% ~51% mostra spazio di manovra.",SAME
2026-06-09T05:30:45.151864+00:00,GBPAUD,BUY,STD,12.28,23.8,44.6,GREEN_LIGHT,BUY,20,HOLD,45,"Momentum positivo e histogram verde indicano potenziale rialzo, ma ADX debole e Radar Value modesto suggeriscono assenza di impulso di trend e possibile consolidamento, quindi l'entry non è chiara.",DIFF
2026-06-09T05:30:52.925310+00:00,GBPUSD,BUY,STD,10.14,41.0,44.3,GREEN_LIGHT,BUY,20,BUY,80,"ADX>40 conferma tendenza forte, Histogram GREEN_LIGHT e Momentum positivo indicano rialzo, ADR% indica ancora spazio operativo, RV positivo ma non estremo, setup favorevole sul modulo STD.",SAME
2026-06-09T05:45:31.543106+00:00,GBPCAD,BUY,STD,9.8,53.3,51.3,GREEN_DARK,BUY,3,BUY,72,"ADX forte (53.3) e momentum positivo (NM 1.0665) supportano una tendenza rialzista, Histogram è bullish, RV è positivo ma non estremo e ADR% 51.3% indica spazio per muoversi, quindi BUY.",SAME
2026-06-09T05:45:36.383774+00:00,GBPAUD,BUY,STD,11.0,21.2,44.6,GREEN_DARK,BUY,20,HOLD,42,"ADR e Histogram indicano spazio e potenziale rialzo, ma Momentum negativo e ADX debole indicano mancanza di tendenza chiara.",DIFF
2026-06-09T06:00:37.242914+00:00,GBPAUD,BUY,STD,9.07,19.5,44.6,GREEN_DARK,BUY,18,HOLD,0,The read operation timed out,DIFF
2026-06-09T06:00:41.301813+00:00,GBPCAD,BUY,STD,9.01,56.4,51.3,GREEN_DARK,BUY,3,BUY,78,"ADX >40 e momentum positivo con istogramma GREEN_DARK indicano tendenza rialzista, con RV positivo ma non estremo.",SAME
2026-06-09T06:00:50.927499+00:00,GBPUSD,BUY,STD,13.0,47.7,47.1,GREEN_LIGHT,BUY,8,BUY,78,"ADX forte (>40) e momentum positivo con Histogram GREEN_LIGHT indicano potenziale movimento rialzista, RV è positivo ma non estremo e ADR% non è esaurito, quindi BUY è giustificato",SAME
2026-06-09T06:15:38.983316+00:00,GBPCAD,BUY,STD,9.45,53.2,52.6,GREEN_LIGHT,BUY,3,BUY,78,"ADX(14)=53.2 >40, Histogram GREEN_LIGHT e Momentum positivo (0.8004) indicano tendenza rialzista forte, ADR% 52.6% mostra spazio di movimento e RV non estremo (9.45), quindi supportano un ingresso long su GBPCAD.",SAME
2026-06-09T06:15:42.888964+00:00,GBPAUD,BUY,STD,5.81,19.2,44.6,GREEN_DARK,BUY,18,HOLD,45,"RV modesto e ADX <20 indicano trend debole e momentum negativo in conflitto con l'istogramma verde, quindi la direzione BUY non è chiara e si consiglia HOLD.",DIFF
2026-06-09T06:28:58.803730+00:00,GBPCAD,BUY,STD,9.45,49.0,53.9,GREEN_LIGHT,BUY,3,BUY,72,"ADX(14)=49 indica tendenza forte, Histogram GREEN_LIGHT e Normalized Momentum positivo confermano bias rialzista, ADR%=53.9% lascia spazio al movimento e RV positivo ma non estremo, quindi la direzione BUY è giustificata.",SAME
2026-06-09T06:29:07.229265+00:00,GBPAUD,BUY,STD,5.81,21.3,46.7,GREEN_DARK,BUY,20,HOLD,38,"Segnale misto: RV positivo ma modesto, ADX 21.3 indica mancanza di tendenza forte, momentum Normalized è negativo mentre l'istogramma è verde scuro, suggerendo incertezza tra breakout e range.",DIFF
2026-06-09T06:30:38.596868+00:00,GBPAUD,BUY,STD,4.79,24.3,46.7,GREEN_DARK,BUY,20,HOLD,0,Expecting value: line 1 column 1 (char 0),DIFF
2026-06-09T06:30:45.757414+00:00,GBPCAD,BUY,STD,10.42,46.7,53.9,GREEN_LIGHT,BUY,3,BUY,78,"ADX 46.7 indica forte trend, momentum positivo (0.7724) e histogram GREEN_LIGHT corroborano rialzo; ADR% a 53.9% lascia spazio al movimento; RV 10.42 orientato al rialzo senza essere estremo, quindi la proposta BUY è coerente con i segnali attuali.",SAME
2026-06-09T06:45:40.868049+00:00,GBPCAD,BUY,STD,10.27,46.7,53.9,GREEN_DARK,BUY,3,BUY,78,"ADX a 46.7 indica forte tendenza rialzista, momentum positivo e histogram GREEN_DARK confermano impulso, ADR al 53.9% mostra spazio di movimento senza essere esausto e RV non estremo suggeriscono potenziale di continuazione.",SAME
2026-06-09T07:00:37.870971+00:00,GBPAUD,BUY,STD,5.34,26.9,46.7,GREEN_LIGHT,BUY,20,HOLD,45,"RV moderato e ADX <40 indicano assenza di trend forte; l'Histogram è GREEN_LIGHT ma il Momentum Normalized è negativo, quindi la configurazione è ambigua e non conferma una BUY.",DIFF
2026-06-09T07:00:46.373414+00:00,GBPCAD,BUY,STD,9.11,41.0,53.9,GREEN_DARK,BUY,10,BUY,65,"ADX >40 e momentum positivo con histogram verde scuro indicano tendenza rialzista, ADR non esausto e RV non estremo rafforzano il BUY; confidenza moderata",SAME
